delay_structure,spatial_structure,attenuation,gamma,seed,max_order,numerical_rank,operational_rank,new_algebraic_modes,new_operational_modes,sigma_min_positive,kappa_positive
none,identical,equalized,0.0,9000,0,12,3,12,3,0.0007666456493512071,1370.2022641757294
none,identical,equalized,0.0,9000,1,12,6,0,3,0.0010842006748468496,1370.2022641756732
none,identical,equalized,0.0,9000,2,12,6,0,0,0.0013278692160779112,1370.2022641757426
none,identical,equalized,0.0,9000,3,12,7,0,1,0.0015332912987025065,1370.2022641756466
none,identical,equalized,0.0,9000,4,12,8,0,1,0.0017142717866038362,1370.202264175674
none,identical,equalized,0.0,9000,5,12,8,0,0,0.0018778906544351301,1370.2022641757292
none,identical,exponential,0.3,9000,0,12,3,12,3,0.0007666456493512071,1370.2022641757294
none,identical,exponential,0.3,9000,1,12,6,0,3,0.000954100177909882,1370.2022641757212
none,identical,exponential,0.3,9000,2,12,6,0,0,0.001042752467140478,1370.202264175724
none,identical,exponential,0.3,9000,3,12,6,0,0,0.0010883411202263853,1370.2022641757367
none,identical,exponential,0.3,9000,4,12,6,0,0,0.0011125670620138277,1370.2022641756937
none,identical,exponential,0.3,9000,5,12,6,0,0,0.0011256409709324787,1370.2022641757628
none,identical,exponential,0.6,9000,0,12,3,12,3,0.0007666456493512071,1370.2022641757294
none,identical,exponential,0.6,9000,1,12,6,0,3,0.0008745119266819589,1370.2022641757553
none,identical,exponential,0.6,9000,2,12,6,0,0,0.00090448337928976,1370.2022641757108
none,identical,exponential,0.6,9000,3,12,6,0,0,0.0009133178963180789,1370.2022641756962
none,identical,exponential,0.6,9000,4,12,6,0,0,0.0009159621045405367,1370.2022641756757
none,identical,exponential,0.6,9000,5,12,6,0,0,0.0009167570302538363,1370.2022641756937
none,identical,exponential,0.9,9000,0,12,3,12,3,0.0007666456493512071,1370.2022641757294
none,identical,exponential,0.9,9000,1,12,5,0,2,0.0008275863930232764,1370.2022641756769
none,identical,exponential,0.9,9000,2,12,6,0,1,0.0008372327240622442,1370.2022641757073
none,identical,exponential,0.9,9000,3,12,6,0,0,0.000838816567908917,1370.2022641756735
none,identical,exponential,0.9,9000,4,12,6,0,0,0.0008390780875974596,1370.2022641757683
none,identical,exponential,0.9,9000,5,12,6,0,0,0.0008391213086614339,1370.202264175687
none,rotation,equalized,0.0,9000,0,12,3,12,3,0.0007666456493512071,1370.2022641757294
none,rotation,equalized,0.0,9000,1,24,6,12,3,0.00019954904237377502,7345.323402572467
none,rotation,equalized,0.0,9000,2,24,6,0,0,0.0003436870876697706,5127.895489727133
none,rotation,equalized,0.0,9000,3,24,10,0,4,0.00045858034597933805,4282.770395765831
none,rotation,equalized,0.0,9000,4,24,10,0,0,0.0005370908689480998,3869.877728395236
none,rotation,equalized,0.0,9000,5,24,11,0,1,0.0005992058874733728,3780.709994921348
none,rotation,exponential,0.3,9000,0,12,3,12,3,0.0007666456493512071,1370.2022641757294
none,rotation,exponential,0.3,9000,1,24,6,12,3,0.00016785900356616727,7691.989246588241
none,rotation,exponential,0.3,9000,2,24,6,0,0,0.0002541390589584617,5472.722448967723
none,rotation,exponential,0.3,9000,3,24,6,0,0,0.0003014810185687702,4725.8374535575185
none,rotation,exponential,0.3,9000,4,24,6,0,0,0.000319755995399503,4484.274368497686
none,rotation,exponential,0.3,9000,5,24,6,0,0,0.00032666442796573355,4432.789908286577
none,rotation,exponential,0.6,9000,0,12,3,12,3,0.0007666456493512071,1370.2022641757294
none,rotation,exponential,0.6,9000,1,24,6,12,3,0.00013532811731276688,8769.34809149418
none,rotation,exponential,0.6,9000,2,24,6,0,0,0.00018049982232044455,6747.736949969748
none,rotation,exponential,0.6,9000,3,24,6,0,0,0.00019633696221944193,6229.442164139394
none,rotation,exponential,0.6,9000,4,24,6,0,0,0.00019988729124411343,6122.721312685548
none,rotation,exponential,0.6,9000,5,24,6,0,0,0.0002004192759873423,6110.82488909632
none,rotation,exponential,0.9,9000,0,12,3,12,3,0.0007666456493512071,1370.2022641757294
none,rotation,exponential,0.9,9000,1,24,5,12,2,0.00010563344674398138,10664.435362736887
none,rotation,exponential,0.9,9000,2,24,5,0,0,0.00012707317348278958,8939.99266999942
none,rotation,exponential,0.9,9000,3,24,5,0,0,0.00013166203351275117,8634.352413891096
none,rotation,exponential,0.9,9000,4,24,5,0,0,0.00013226164271137018,8595.763097996562
none,rotation,exponential,0.9,9000,5,24,5,0,0,0.0001323008528590476,8593.578909482705
none,rotation_shear,equalized,0.0,9000,0,12,3,12,3,0.0007666456493512071,1370.2022641757294
none,rotation_shear,equalized,0.0,9000,1,24,6,12,3,0.0001389067656187831,11512.855718098283
none,rotation_shear,equalized,0.0,9000,2,24,7,0,1,0.0002884822688240318,7280.492407094458
none,rotation_shear,equalized,0.0,9000,3,24,11,0,4,0.0004414868310788814,5732.401828281864
none,rotation_shear,equalized,0.0,9000,4,24,11,0,0,0.0005725697345814724,4946.39873139573
none,rotation_shear,equalized,0.0,9000,5,24,11,0,0,0.0006469318510879317,5180.166368421249
none,rotation_shear,exponential,0.3,9000,0,12,3,12,3,0.0007666456493512071,1370.2022641757294
none,rotation_shear,exponential,0.3,9000,1,24,6,12,3,0.0001197486258614286,11491.093220060615
none,rotation_shear,exponential,0.3,9000,2,24,6,0,0,0.00021674192854930272,7186.919687599282
none,rotation_shear,exponential,0.3,9000,3,24,6,0,0,0.0002867781499707605,5730.390242283235
none,rotation_shear,exponential,0.3,9000,4,24,6,0,0,0.0003239071046451938,5174.463657142732
none,rotation_shear,exponential,0.3,9000,5,24,6,0,0,0.00034545157485048404,4966.687433370754
none,rotation_shear,exponential,0.6,9000,0,12,3,12,3,0.0007666456493512071,1370.2022641757294
none,rotation_shear,exponential,0.6,9000,1,24,6,12,3,9.874178201879419e-05,12538.533955542047
none,rotation_shear,exponential,0.6,9000,2,24,6,0,0,0.00015447241644440908,8403.665704031453
none,rotation_shear,exponential,0.6,9000,3,24,6,0,0,0.00018153749720665856,7229.115781291514
none,rotation_shear,exponential,0.6,9000,4,24,6,0,0,0.0001896453072989996,6935.604214908634
none,rotation_shear,exponential,0.6,9000,5,24,6,0,0,0.0001920161922042342,6863.491428979806
none,rotation_shear,exponential,0.9,9000,0,12,3,12,3,0.0007666456493512071,1370.2022641757294
none,rotation_shear,exponential,0.9,9000,1,24,6,12,3,7.842542737050213e-05,14744.980712287126
none,rotation_shear,exponential,0.9,9000,2,24,6,0,0,0.00010718159582255925,10964.38153262363
none,rotation_shear,exponential,0.9,9000,3,24,6,0,0,0.00011629365568857659,10124.428079500922
none,rotation_shear,exponential,0.9,9000,4,24,6,0,0,0.00011788386494124352,9990.0441680955
none,rotation_shear,exponential,0.9,9000,5,24,6,0,0,0.00011807899873646155,9974.771618233553
none,independent,equalized,0.0,9000,0,12,3,12,3,0.0003920710656846495,2621.5679717146563
none,independent,equalized,0.0,9000,1,24,3,12,0,0.00017064251522589318,6856.235513207697
none,independent,equalized,0.0,9000,2,24,6,0,3,0.0002592936169286485,5438.219067420801
none,independent,equalized,0.0,9000,3,24,6,0,0,0.00031920540171104266,4548.2220237413185
none,independent,equalized,0.0,9000,4,24,6,0,0,0.000522057445091361,3117.257933277153
none,independent,equalized,0.0,9000,5,24,9,0,3,0.0007450678366138283,2406.0144140296175
none,independent,exponential,0.3,9000,0,12,3,12,3,0.0003920710656846495,2621.5679717146563
none,independent,exponential,0.3,9000,1,24,3,12,0,0.00015659742743898044,6975.673819468042
none,independent,exponential,0.3,9000,2,24,3,0,0,0.00019341138288875864,5952.75886791283
none,independent,exponential,0.3,9000,3,24,3,0,0,0.00020997054445589868,5530.212039603605
none,independent,exponential,0.3,9000,4,24,3,0,0,0.00026054505528698863,4481.0373550446075
none,independent,exponential,0.3,9000,5,24,3,0,0,0.0002782155933136705,4256.6637358889575
none,independent,exponential,0.6,9000,0,12,3,12,3,0.0003920710656846495,2621.5679717146563
none,independent,exponential,0.6,9000,1,24,3,12,0,0.0001371996180895562,7721.172139546058
none,independent,exponential,0.6,9000,2,24,3,0,0,0.00015125344985976214,7126.081362463694
none,independent,exponential,0.6,9000,3,24,3,0,0,0.0001556568051593231,6938.871632522439
none,independent,exponential,0.6,9000,4,24,3,0,0,0.00016181025396707133,6679.570535792022
none,independent,exponential,0.6,9000,5,24,3,0,0,0.00016325791984207232,6625.736229043745
none,independent,exponential,0.9,9000,0,12,3,12,3,0.0003920710656846495,2621.5679717146563
none,independent,exponential,0.9,9000,1,24,3,12,0,0.00011429140875205349,9134.81755801886
none,independent,exponential,0.9,9000,2,24,3,0,0,0.00011994628151028902,8753.548671421755
none,independent,exponential,0.9,9000,3,24,3,0,0,0.00012111538906745867,8672.236493217262
none,independent,exponential,0.9,9000,4,24,3,0,0,0.0001217220348078891,8629.627596964387
none,independent,exponential,0.9,9000,5,24,3,0,0,0.00012182963535197779,8622.365773856403
constant,identical,equalized,0.0,9000,0,12,3,12,3,0.0007666456493512071,1370.2022641757294
constant,identical,equalized,0.0,9000,1,12,7,0,4,0.005898931841151337,251.63008002616075
constant,identical,equalized,0.0,9000,2,12,8,0,1,0.03408190200742883,53.16997456144483
constant,identical,equalized,0.0,9000,3,12,9,0,1,0.1516654117437226,13.751579260270756
constant,identical,equalized,0.0,9000,4,12,10,0,1,0.48985278752071065,4.67120712889603
constant,identical,equalized,0.0,9000,5,12,12,0,2,1.0397871873201108,2.324569658291858
constant,identical,exponential,0.3,9000,0,12,3,12,3,0.0007666456493512071,1370.2022641757294
constant,identical,exponential,0.3,9000,1,12,6,0,3,0.004854201935461965,269.14807372485245
constant,identical,exponential,0.3,9000,2,12,6,0,0,0.022171573835811847,64.15711417539293
constant,identical,exponential,0.3,9000,3,12,7,0,1,0.0726165117230298,20.382406209613702
constant,identical,exponential,0.3,9000,4,12,7,0,0,0.1664898771234927,9.031800259500852
constant,identical,exponential,0.3,9000,5,12,7,0,0,0.2682850318557596,5.623180451697127
constant,identical,exponential,0.6,9000,0,12,3,12,3,0.0007666456493512071,1370.2022641757294
constant,identical,exponential,0.6,9000,1,12,5,0,2,0.004109571578890925,291.45272410325947
constant,identical,exponential,0.6,9000,2,12,5,0,0,0.0147347463221499,83.8439894584015
constant,identical,exponential,0.6,9000,3,12,5,0,0,0.03557915762761737,34.9782333411627
constant,identical,exponential,0.6,9000,4,12,5,0,0,0.05970401877336861,20.872159991243393
constant,identical,exponential,0.6,9000,5,12,5,0,0,0.07596065159473937,16.40703973509871
constant,identical,exponential,0.9,9000,0,12,3,12,3,0.0007666456493512071,1370.2022641757294
constant,identical,exponential,0.9,9000,1,12,5,0,2,0.0035684577037674707,317.6850345298183
constant,identical,exponential,0.9,9000,2,12,5,0,0,0.009856960977399649,116.20612558270987
constant,identical,exponential,0.9,9000,3,12,5,0,0,0.01783571455386862,64.29157156710427
constant,identical,exponential,0.9,9000,4,12,5,0,0,0.02339853232386177,49.009958730980316
constant,identical,exponential,0.9,9000,5,12,5,0,0,0.025638064295286676,44.72891890336414
constant,rotation,equalized,0.0,9000,0,12,3,12,3,0.0007666456493512071,1370.2022641757294
constant,rotation,equalized,0.0,9000,1,24,7,12,4,0.00027420864266492075,5340.9763791429605
constant,rotation,equalized,0.0,9000,2,24,8,0,1,0.0022637232549845465,775.4696279103157
constant,rotation,equalized,0.0,9000,3,24,10,0,2,0.011764993186548034,165.80270242407357
constant,rotation,equalized,0.0,9000,4,24,12,0,2,0.04080625491535418,49.95869475642643
constant,rotation,equalized,0.0,9000,5,24,14,0,2,0.05409928165686652,39.33658412166564
constant,rotation,exponential,0.3,9000,0,12,3,12,3,0.0007666456493512071,1370.2022641757294
constant,rotation,exponential,0.3,9000,1,24,5,12,2,0.0002712718711107164,4756.78684879219
constant,rotation,exponential,0.3,9000,2,24,5,0,0,0.0019709560416669575,702.6498668460819
constant,rotation,exponential,0.3,9000,3,24,6,0,1,0.007479892781165277,189.19795516667565
constant,rotation,exponential,0.3,9000,4,24,6,0,0,0.017926691306755418,79.26841493617883
constant,rotation,exponential,0.3,9000,5,24,6,0,0,0.02280583647383739,62.448094223594666
constant,rotation,exponential,0.6,9000,0,12,3,12,3,0.0007666456493512071,1370.2022641757294
constant,rotation,exponential,0.6,9000,1,24,5,12,2,0.00026612094895874216,4457.568351807287
constant,rotation,exponential,0.6,9000,2,24,5,0,0,0.0017032030067400403,713.1478670045553
constant,rotation,exponential,0.6,9000,3,24,5,0,0,0.004607291392970695,264.38617217301584
constant,rotation,exponential,0.6,9000,4,24,5,0,0,0.008003391934329952,152.23126554791992
constant,rotation,exponential,0.6,9000,5,24,5,0,0,0.009666663505348309,126.04441273994546
constant,rotation,exponential,0.9,9000,0,12,3,12,3,0.0007666456493512071,1370.2022641757294
constant,rotation,exponential,0.9,9000,1,24,4,12,1,0.0002573535861385157,4376.183090044145
constant,rotation,exponential,0.9,9000,2,24,4,0,0,0.0014187737755996862,799.752533395702
constant,rotation,exponential,0.9,9000,3,24,4,0,0,0.0027759077954984824,408.90916183481266
constant,rotation,exponential,0.9,9000,4,24,4,0,0,0.0037843450476497107,299.94806186634395
constant,rotation,exponential,0.9,9000,5,24,4,0,0,0.004263884881880668,266.21449493917004
constant,rotation_shear,equalized,0.0,9000,0,12,3,12,3,0.0007666456493512071,1370.2022641757294
constant,rotation_shear,equalized,0.0,9000,1,24,7,12,4,0.000179531670606708,8899.511494821934
constant,rotation_shear,equalized,0.0,9000,2,24,8,0,1,0.001850412463149748,1131.2637749323696
constant,rotation_shear,equalized,0.0,9000,3,24,11,0,3,0.012563373134237416,200.15426493082836
constant,rotation_shear,equalized,0.0,9000,4,24,13,0,2,0.037061356822293216,74.8214272551407
constant,rotation_shear,equalized,0.0,9000,5,24,15,0,2,0.07433931695027442,43.26752475814234
constant,rotation_shear,exponential,0.3,9000,0,12,3,12,3,0.0007666456493512071,1370.2022641757294
constant,rotation_shear,exponential,0.3,9000,1,24,6,12,3,0.00017802909437882562,7723.729422978279
constant,rotation_shear,exponential,0.3,9000,2,24,7,0,1,0.001596634798864525,971.3556245670883
constant,rotation_shear,exponential,0.3,9000,3,24,7,0,0,0.008143425126799353,200.39421223827858
constant,rotation_shear,exponential,0.3,9000,4,24,8,0,1,0.01688408674595975,98.0516456044669
constant,rotation_shear,exponential,0.3,9000,5,24,8,0,0,0.025666411262537162,64.94985506468926
constant,rotation_shear,exponential,0.6,9000,0,12,3,12,3,0.0007666456493512071,1370.2022641757294
constant,rotation_shear,exponential,0.6,9000,1,24,5,12,2,0.00017537929226045838,7055.808627453675
constant,rotation_shear,exponential,0.6,9000,2,24,5,0,0,0.0013869937693846337,932.4309561981443
constant,rotation_shear,exponential,0.6,9000,3,24,5,0,0,0.005138645023822007,253.90728811684085
constant,rotation_shear,exponential,0.6,9000,4,24,5,0,0,0.008007652257472426,163.12591107315922
constant,rotation_shear,exponential,0.6,9000,5,24,5,0,0,0.009879810742804007,132.25375366782023
constant,rotation_shear,exponential,0.9,9000,0,12,3,12,3,0.0007666456493512071,1370.2022641757294
constant,rotation_shear,exponential,0.9,9000,1,24,5,12,2,0.0001708232502274096,6767.179395500027
constant,rotation_shear,exponential,0.9,9000,2,24,5,0,0,0.0011853360323678948,989.478875369804
constant,rotation_shear,exponential,0.9,9000,3,24,5,0,0,0.0031380195643544067,374.1881200297061
constant,rotation_shear,exponential,0.9,9000,4,24,5,0,0,0.004029983060868018,291.3836224498271
constant,rotation_shear,exponential,0.9,9000,5,24,5,0,0,0.004364286467424949,269.0649774830354
constant,independent,equalized,0.0,9000,0,12,3,12,3,0.0003920710656846495,2621.5679717146563
constant,independent,equalized,0.0,9000,1,24,3,12,0,0.00019133643012670916,6111.121226555372
constant,independent,equalized,0.0,9000,2,24,6,0,3,0.002487719791687849,564.4451233066919
constant,independent,equalized,0.0,9000,3,24,7,0,1,0.009038477490316563,159.92028575788922
constant,independent,equalized,0.0,9000,4,24,8,0,1,0.016789376316408467,94.47792325387198
constant,independent,equalized,0.0,9000,5,24,10,0,2,0.11338102978491496,14.827923303653778
constant,independent,exponential,0.3,9000,0,12,3,12,3,0.0003920710656846495,2621.5679717146563
constant,independent,exponential,0.3,9000,1,24,3,12,0,0.00019074273675358813,5725.294379379073
constant,independent,exponential,0.3,9000,2,24,3,0,0,0.0020256925007916147,565.938508631773
constant,independent,exponential,0.3,9000,3,24,3,0,0,0.005294888473885468,217.98262162715497
constant,independent,exponential,0.3,9000,4,24,3,0,0,0.008564628835838837,135.12369065752875
constant,independent,exponential,0.3,9000,5,24,3,0,0,0.03950562780801768,29.3650080569113
constant,independent,exponential,0.6,9000,0,12,3,12,3,0.0003920710656846495,2621.5679717146563
constant,independent,exponential,0.6,9000,1,24,3,12,0,0.00018966915582806728,5584.373369668923
constant,independent,exponential,0.6,9000,2,24,3,0,0,0.0016094383386396987,668.399112784229
constant,independent,exponential,0.6,9000,3,24,3,0,0,0.0032315878233987357,333.3023494620427
constant,independent,exponential,0.6,9000,4,24,3,0,0,0.004513904295702732,238.65522610658812
constant,independent,exponential,0.6,9000,5,24,3,0,0,0.015880386058666013,67.83840451120113
constant,independent,exponential,0.9,9000,0,12,3,12,3,0.0003920710656846495,2621.5679717146563
constant,independent,exponential,0.9,9000,1,24,3,12,0,0.0001877403153721922,5560.547755071031
constant,independent,exponential,0.9,9000,2,24,3,0,0,0.001241959198795141,844.77561869219
constant,independent,exponential,0.9,9000,3,24,3,0,0,0.0021057916436944667,498.3297859901511
constant,independent,exponential,0.9,9000,4,24,3,0,0,0.0024726744921357144,424.39468473814884
constant,independent,exponential,0.9,9000,5,24,3,0,0,0.007497604285144446,139.96344919284851
perturbed,identical,equalized,0.0,9000,0,12,3,12,3,0.0007666456493512071,1370.2022641757294
perturbed,identical,equalized,0.0,9000,1,12,7,0,4,0.00891850206108636,166.2361358450176
perturbed,identical,equalized,0.0,9000,2,12,8,0,1,0.03476370709154375,52.13056721700958
perturbed,identical,equalized,0.0,9000,3,12,9,0,1,0.1529102724230483,13.639476939440465
perturbed,identical,equalized,0.0,9000,4,12,10,0,1,0.6049961766253207,3.748896545343147
perturbed,identical,equalized,0.0,9000,5,12,11,0,1,0.9951481230824978,2.445785793805144
perturbed,identical,exponential,0.3,9000,0,12,3,12,3,0.0007666456493512071,1370.2022641757294
perturbed,identical,exponential,0.3,9000,1,12,5,0,2,0.007205698391021974,181.13108980634775
perturbed,identical,exponential,0.3,9000,2,12,6,0,1,0.02251948589752831,63.16670467251692
perturbed,identical,exponential,0.3,9000,3,12,7,0,1,0.0738507346858355,20.04326392637825
perturbed,identical,exponential,0.3,9000,4,12,7,0,0,0.19880127943723597,7.544973177508424
perturbed,identical,exponential,0.3,9000,5,12,7,0,0,0.2725200262989905,5.529842013482186
perturbed,identical,exponential,0.6,9000,0,12,3,12,3,0.0007666456493512071,1370.2022641757294
perturbed,identical,exponential,0.6,9000,1,12,5,0,2,0.005963974277098229,200.6805471052666
perturbed,identical,exponential,0.6,9000,2,12,5,0,0,0.014805583615900357,83.42511326426079
perturbed,identical,exponential,0.6,9000,3,12,5,0,0,0.03619904661670248,34.37845333224147
perturbed,identical,exponential,0.6,9000,4,12,5,0,0,0.0682653308002569,18.24917866294985
perturbed,identical,exponential,0.6,9000,5,12,5,0,0,0.08020284493958686,15.53564937417863
perturbed,identical,exponential,0.9,9000,0,12,3,12,3,0.0007666456493512071,1370.2022641757294
perturbed,identical,exponential,0.9,9000,1,12,5,0,2,0.005070258144774349,223.47753742257436
perturbed,identical,exponential,0.9,9000,2,12,5,0,0,0.009862198978449763,116.1078632230741
perturbed,identical,exponential,0.9,9000,3,12,5,0,0,0.01791179680952866,64.00173552201267
perturbed,identical,exponential,0.9,9000,4,12,5,0,0,0.025343956129078096,45.235368812867115
perturbed,identical,exponential,0.9,9000,5,12,5,0,0,0.027054093143425485,42.37610111052437
perturbed,rotation,equalized,0.0,9000,0,12,3,12,3,0.0007666456493512071,1370.2022641757294
perturbed,rotation,equalized,0.0,9000,1,24,7,12,4,0.00027621462715403085,5295.863436343428
perturbed,rotation,equalized,0.0,9000,2,24,7,0,0,0.003220216287481817,545.1677243165992
perturbed,rotation,equalized,0.0,9000,3,24,9,0,2,0.011749600782758985,166.01757173309983
perturbed,rotation,equalized,0.0,9000,4,24,11,0,2,0.040457370213272385,50.101171524220945
perturbed,rotation,equalized,0.0,9000,5,24,13,0,2,0.05402145791034148,39.685532424390885
perturbed,rotation,exponential,0.3,9000,0,12,3,12,3,0.0007666456493512071,1370.2022641757294
perturbed,rotation,exponential,0.3,9000,1,24,5,12,2,0.0002748551826423387,4690.081075349003
perturbed,rotation,exponential,0.3,9000,2,24,6,0,1,0.0027423080482454855,505.0020850521183
perturbed,rotation,exponential,0.3,9000,3,24,6,0,0,0.007409183562332518,191.019418494287
perturbed,rotation,exponential,0.3,9000,4,24,6,0,0,0.017728740664326365,80.09976940114032
perturbed,rotation,exponential,0.3,9000,5,24,6,0,0,0.022526958935985556,63.24293130014109
perturbed,rotation,exponential,0.6,9000,0,12,3,12,3,0.0007666456493512071,1370.2022641757294
perturbed,rotation,exponential,0.6,9000,1,24,5,12,2,0.00027242051060013633,4351.366766006232
perturbed,rotation,exponential,0.6,9000,2,24,5,0,0,0.002335946091159999,519.8322193332903
perturbed,rotation,exponential,0.6,9000,3,24,5,0,0,0.004663421617891846,261.16311030476083
perturbed,rotation,exponential,0.6,9000,4,24,5,0,0,0.007875397820514617,154.67456241027514
perturbed,rotation,exponential,0.6,9000,5,24,5,0,0,0.009416972154692636,129.36598494158125
perturbed,rotation,exponential,0.9,9000,0,12,3,12,3,0.0007666456493512071,1370.2022641757294
perturbed,rotation,exponential,0.9,9000,1,24,4,12,1,0.0002681206417432249,4198.5090018806495
perturbed,rotation,exponential,0.9,9000,2,24,4,0,0,0.0019185051048132098,591.2366491657598
perturbed,rotation,exponential,0.9,9000,3,24,4,0,0,0.0030034399754579597,377.81323367177504
perturbed,rotation,exponential,0.9,9000,4,24,4,0,0,0.0038160907750237837,297.35901678089186
perturbed,rotation,exponential,0.9,9000,5,24,4,0,0,0.004198429508507242,270.27994881613057
perturbed,rotation_shear,equalized,0.0,9000,0,12,3,12,3,0.0007666456493512071,1370.2022641757294
perturbed,rotation_shear,equalized,0.0,9000,1,24,7,12,4,0.0001805548003700441,8838.29211358797
perturbed,rotation_shear,equalized,0.0,9000,2,24,8,0,1,0.002673147575527938,783.1176512826148
perturbed,rotation_shear,equalized,0.0,9000,3,24,11,0,3,0.012684432104834357,198.2369618247682
perturbed,rotation_shear,equalized,0.0,9000,4,24,13,0,2,0.03699041684775677,74.67872951171579
perturbed,rotation_shear,equalized,0.0,9000,5,24,15,0,2,0.08232104720282162,39.39196573712626
perturbed,rotation_shear,exponential,0.3,9000,0,12,3,12,3,0.0007666456493512071,1370.2022641757294
perturbed,rotation_shear,exponential,0.3,9000,1,24,5,12,2,0.0001798617567516877,7636.4761696679625
perturbed,rotation_shear,exponential,0.3,9000,2,24,7,0,2,0.0022484126218305193,689.8153890577473
perturbed,rotation_shear,exponential,0.3,9000,3,24,7,0,0,0.00811157879150949,201.19074488880952
perturbed,rotation_shear,exponential,0.3,9000,4,24,7,0,0,0.01678658962367185,98.39954742336812
perturbed,rotation_shear,exponential,0.3,9000,5,24,7,0,0,0.026641701324953783,62.61212026069226
perturbed,rotation_shear,exponential,0.6,9000,0,12,3,12,3,0.0007666456493512071,1370.2022641757294
perturbed,rotation_shear,exponential,0.6,9000,1,24,5,12,2,0.0001786176303533042,6921.8475539221745
perturbed,rotation_shear,exponential,0.6,9000,2,24,5,0,0,0.0019103635147687547,676.889776569351
perturbed,rotation_shear,exponential,0.6,9000,3,24,5,0,0,0.005113701396376522,255.15275560518091
perturbed,rotation_shear,exponential,0.6,9000,4,24,5,0,0,0.007879420344986544,165.74752995124277
perturbed,rotation_shear,exponential,0.6,9000,5,24,5,0,0,0.009705272871961384,134.62687397588593
perturbed,rotation_shear,exponential,0.9,9000,0,12,3,12,3,0.0007666456493512071,1370.2022641757294
perturbed,rotation_shear,exponential,0.9,9000,1,24,5,12,2,0.00017641072943803984,6548.93973828799
perturbed,rotation_shear,exponential,0.9,9000,2,24,5,0,0,0.0015980999478449494,733.6701806746961
perturbed,rotation_shear,exponential,0.9,9000,3,24,5,0,0,0.0032555901978444336,360.5774272167349
perturbed,rotation_shear,exponential,0.9,9000,4,24,5,0,0,0.004039840357611657,290.5908460854762
perturbed,rotation_shear,exponential,0.9,9000,5,24,5,0,0,0.004317221032007548,271.92309008735106
perturbed,independent,equalized,0.0,9000,0,12,3,12,3,0.00031643983901872956,3321.207138080738
perturbed,independent,equalized,0.0,9000,1,24,3,12,0,0.00011772860061105913,11570.693359421915
perturbed,independent,equalized,0.0,9000,2,24,4,0,1,0.0020662352212050443,766.4337155741423
perturbed,independent,equalized,0.0,9000,3,24,6,0,2,0.011348074545463787,142.9003207411714
perturbed,independent,equalized,0.0,9000,4,24,6,0,0,0.06554698138811231,25.634714391272343
perturbed,independent,equalized,0.0,9000,5,24,9,0,3,0.08957840604090823,19.001929874180565
perturbed,independent,exponential,0.3,9000,0,12,3,12,3,0.00031643983901872956,3321.207138080738
perturbed,independent,exponential,0.3,9000,1,24,3,12,0,0.00011731543670240038,10462.903888817318
perturbed,independent,exponential,0.3,9000,2,24,3,0,0,0.0017201090119549746,753.4636132469752
perturbed,independent,exponential,0.3,9000,3,24,3,0,0,0.0069599580838170935,186.93640698582672
perturbed,independent,exponential,0.3,9000,4,24,3,0,0,0.03104861492545004,42.06051383059474
perturbed,independent,exponential,0.3,9000,5,24,3,0,0,0.0555358745237507,23.525530778758657
perturbed,independent,exponential,0.6,9000,0,12,3,12,3,0.00031643983901872956,3321.207138080738
perturbed,independent,exponential,0.6,9000,1,24,3,12,0,0.00011657174341063248,9859.793712845638
perturbed,independent,exponential,0.6,9000,2,24,3,0,0,0.001389613409821215,841.7945905786486
perturbed,independent,exponential,0.6,9000,3,24,3,0,0,0.004288721687296623,272.9196699956244
perturbed,independent,exponential,0.6,9000,4,24,3,0,0,0.014346433336368827,81.60245657794631
perturbed,independent,exponential,0.6,9000,5,24,3,0,0,0.022066847729455292,53.05312735346718
perturbed,independent,exponential,0.9,9000,0,12,3,12,3,0.00031643983901872956,3321.207138080738
perturbed,independent,exponential,0.9,9000,1,24,3,12,0,0.0001152463469470783,9591.317400032096
perturbed,independent,exponential,0.9,9000,2,24,3,0,0,0.0010843438246441646,1024.9978554054794
perturbed,independent,exponential,0.9,9000,3,24,3,0,0,0.0026756021574692304,415.4437893758818
perturbed,independent,exponential,0.9,9000,4,24,3,0,0,0.006689637440531219,166.1637313537002
perturbed,independent,exponential,0.9,9000,5,24,3,0,0,0.007956183765706627,139.71213397501518
cell_dependent,identical,equalized,0.0,9000,0,22,2,22,2,2.520861126977705e-08,41461424.3373979
cell_dependent,identical,equalized,0.0,9000,1,22,6,0,4,0.0005931901649267043,2481.8868177984286
cell_dependent,identical,equalized,0.0,9000,2,22,6,0,0,0.004807742399597487,373.71537899825773
cell_dependent,identical,equalized,0.0,9000,3,22,8,0,2,0.010771576929933213,191.80410504381985
cell_dependent,identical,equalized,0.0,9000,4,22,8,0,0,0.045202410996659,50.106644261832656
cell_dependent,identical,equalized,0.0,9000,5,22,10,0,2,0.06066937361359133,40.00052688774926
cell_dependent,identical,exponential,0.3,9000,0,22,2,22,2,2.520861126977705e-08,41461424.3373979
cell_dependent,identical,exponential,0.3,9000,1,22,4,0,2,0.00048205887209574203,2688.00080835082
cell_dependent,identical,exponential,0.3,9000,2,22,5,0,1,0.003640988574577675,387.8834198541321
cell_dependent,identical,exponential,0.3,9000,3,22,6,0,1,0.006884881242096766,213.26412556695868
cell_dependent,identical,exponential,0.3,9000,4,22,6,0,0,0.018039368561454185,82.57910379809474
cell_dependent,identical,exponential,0.3,9000,5,22,6,0,0,0.02194357378228257,68.17591489015486
cell_dependent,identical,exponential,0.6,9000,0,22,2,22,2,2.520861126977705e-08,41461424.3373979
cell_dependent,identical,exponential,0.6,9000,1,22,4,0,2,0.00038934992594885843,3052.677918074855
cell_dependent,identical,exponential,0.6,9000,2,22,4,0,0,0.0027462469941223933,446.8969179231154
cell_dependent,identical,exponential,0.6,9000,3,22,4,0,0,0.004549630809289963,271.8877233419658
cell_dependent,identical,exponential,0.6,9000,4,22,4,0,0,0.007934682836502038,156.10743149171014
cell_dependent,identical,exponential,0.6,9000,5,22,4,0,0,0.00833180276525346,148.69226012417337
cell_dependent,identical,exponential,0.9,9000,0,22,2,22,2,2.520861126977705e-08,41461424.3373979
cell_dependent,identical,exponential,0.9,9000,1,22,3,0,1,0.00031761158384749073,3544.6013165441923
cell_dependent,identical,exponential,0.9,9000,2,22,4,0,1,0.0020882602974625197,544.9814183748396
cell_dependent,identical,exponential,0.9,9000,3,22,4,0,0,0.003041926447118598,374.63709045980465
cell_dependent,identical,exponential,0.9,9000,4,22,4,0,0,0.003993326877876991,285.4110217766871
cell_dependent,identical,exponential,0.9,9000,5,22,4,0,0,0.004012224665679882,284.06846504176127
cell_dependent,rotation,equalized,0.0,9000,0,22,2,22,2,2.520861126977705e-08,41461424.3373979
cell_dependent,rotation,equalized,0.0,9000,1,24,5,2,3,0.0003851625545499635,3772.0463209474196
cell_dependent,rotation,equalized,0.0,9000,2,24,6,0,1,0.0023927818780171578,729.085290175453
cell_dependent,rotation,equalized,0.0,9000,3,24,8,0,2,0.01048642695860923,185.12948497486573
cell_dependent,rotation,equalized,0.0,9000,4,24,10,0,2,0.06472061913005697,31.3486899760486
cell_dependent,rotation,equalized,0.0,9000,5,24,12,0,2,0.07502896184202097,28.6821946722227
cell_dependent,rotation,exponential,0.3,9000,0,22,2,22,2,2.520861126977705e-08,41461424.3373979
cell_dependent,rotation,exponential,0.3,9000,1,24,4,2,2,0.0003625603078431113,3530.4863938405147
cell_dependent,rotation,exponential,0.3,9000,2,24,5,0,1,0.0020161153078734092,682.81680548574
cell_dependent,rotation,exponential,0.3,9000,3,24,5,0,0,0.007076971039218287,198.84468827987752
cell_dependent,rotation,exponential,0.3,9000,4,24,5,0,0,0.027165852184625184,51.999974474157966
cell_dependent,rotation,exponential,0.3,9000,5,24,5,0,0,0.031264082737969864,45.30870607813751
cell_dependent,rotation,exponential,0.6,9000,0,22,2,22,2,2.520861126977705e-08,41461424.3373979
cell_dependent,rotation,exponential,0.6,9000,1,24,4,2,2,0.00034208973103375795,3441.565873117155
cell_dependent,rotation,exponential,0.6,9000,2,24,4,0,0,0.0017416325605769097,692.9999198080524
cell_dependent,rotation,exponential,0.6,9000,3,24,4,0,0,0.0045755274513930005,264.64446249446024
cell_dependent,rotation,exponential,0.6,9000,4,24,4,0,0,0.011433913700129538,105.93033394011964
cell_dependent,rotation,exponential,0.6,9000,5,24,4,0,0,0.013008848733451416,93.11548975660784
cell_dependent,rotation,exponential,0.9,9000,0,22,2,22,2,2.520861126977705e-08,41461424.3373979
cell_dependent,rotation,exponential,0.9,9000,1,24,2,2,0,0.0003227054738206589,3466.1765560998256
cell_dependent,rotation,exponential,0.9,9000,2,24,2,0,0,0.001536698387138044,733.6374717017405
cell_dependent,rotation,exponential,0.9,9000,3,24,2,0,0,0.002949537755859884,382.3989586866143
cell_dependent,rotation,exponential,0.9,9000,4,24,2,0,0,0.0051601719879544134,218.58219823641514
cell_dependent,rotation,exponential,0.9,9000,5,24,2,0,0,0.005613096039879551,200.94548762357888
cell_dependent,rotation_shear,equalized,0.0,9000,0,22,2,22,2,2.520861126977705e-08,41461424.3373979
cell_dependent,rotation_shear,equalized,0.0,9000,1,24,6,2,4,0.0003778030457140911,4197.586292380359
cell_dependent,rotation_shear,equalized,0.0,9000,2,24,7,0,1,0.003232298653724682,643.6380511102598
cell_dependent,rotation_shear,equalized,0.0,9000,3,24,10,0,3,0.013684737963007287,183.36046475317303
cell_dependent,rotation_shear,equalized,0.0,9000,4,24,12,0,2,0.062076992556622426,44.799003154240026
cell_dependent,rotation_shear,equalized,0.0,9000,5,24,14,0,2,0.10026259153390016,32.14402708573669
cell_dependent,rotation_shear,exponential,0.3,9000,0,22,2,22,2,2.520861126977705e-08,41461424.3373979
cell_dependent,rotation_shear,exponential,0.3,9000,1,24,5,2,3,0.0003331396339859516,4094.822595654586
cell_dependent,rotation_shear,exponential,0.3,9000,2,24,6,0,1,0.0025322375734656483,608.762756548124
cell_dependent,rotation_shear,exponential,0.3,9000,3,24,6,0,0,0.009116146899602695,178.09968559735762
cell_dependent,rotation_shear,exponential,0.3,9000,4,24,6,0,0,0.02633760506037028,62.47889704259175
cell_dependent,rotation_shear,exponential,0.3,9000,5,24,6,0,0,0.033794176774030585,49.15455124779713
cell_dependent,rotation_shear,exponential,0.6,9000,0,22,2,22,2,2.520861126977705e-08,41461424.3373979
cell_dependent,rotation_shear,exponential,0.6,9000,1,24,4,2,2,0.0003035080940667281,4045.4103642071022
cell_dependent,rotation_shear,exponential,0.6,9000,2,24,4,0,0,0.002031262028628478,632.8264309759596
cell_dependent,rotation_shear,exponential,0.6,9000,3,24,5,0,1,0.005829674199609476,222.59011856135757
cell_dependent,rotation_shear,exponential,0.6,9000,4,24,5,0,0,0.01161930765044587,111.80154834821519
cell_dependent,rotation_shear,exponential,0.6,9000,5,24,5,0,0,0.012855256185756215,101.09420665633392
cell_dependent,rotation_shear,exponential,0.9,9000,0,22,2,22,2,2.520861126977705e-08,41461424.3373979
cell_dependent,rotation_shear,exponential,0.9,9000,1,24,3,2,1,0.00028384837499089935,4043.243789115464
cell_dependent,rotation_shear,exponential,0.9,9000,2,24,4,0,1,0.001699065687858678,685.8573549766498
cell_dependent,rotation_shear,exponential,0.9,9000,3,24,4,0,0,0.003618998342994551,322.45562426181385
cell_dependent,rotation_shear,exponential,0.9,9000,4,24,4,0,0,0.0056475721137620545,206.64671525161202
cell_dependent,rotation_shear,exponential,0.9,9000,5,24,4,0,0,0.0058447456221084075,199.67840705557376
cell_dependent,independent,equalized,0.0,9000,0,22,0,22,0,8.152897179820895e-09,107204957.16093841
cell_dependent,independent,equalized,0.0,9000,1,24,4,2,4,0.0007589028246917071,1606.1342210204728
cell_dependent,independent,equalized,0.0,9000,2,24,5,0,1,0.003303686033655993,400.2079388378661
cell_dependent,independent,equalized,0.0,9000,3,24,6,0,1,0.007214009153107615,206.29347197165902
cell_dependent,independent,equalized,0.0,9000,4,24,7,0,1,0.039055474423923923,43.2668359626838
cell_dependent,independent,equalized,0.0,9000,5,24,9,0,2,0.13501594184178597,12.549558188231794
cell_dependent,independent,exponential,0.3,9000,0,22,0,22,0,8.152897179820895e-09,107204957.16093841
cell_dependent,independent,exponential,0.3,9000,1,24,2,2,2,0.00074409873523868,1439.2719356398568
cell_dependent,independent,exponential,0.3,9000,2,24,2,0,0,0.0024497752434637214,445.39856162497586
cell_dependent,independent,exponential,0.3,9000,3,24,2,0,0,0.004405642117743078,253.25231797944446
cell_dependent,independent,exponential,0.3,9000,4,24,2,0,0,0.014137330588436112,80.83436745184908
cell_dependent,independent,exponential,0.3,9000,5,24,2,0,0,0.0577644152265456,19.79320789329919
cell_dependent,independent,exponential,0.6,9000,0,22,0,22,0,8.152897179820895e-09,107204957.16093841
cell_dependent,independent,exponential,0.6,9000,1,24,0,2,0,0.0007231017140561243,1360.9266355713273
cell_dependent,independent,exponential,0.6,9000,2,24,0,0,0,0.0018089943535952308,547.560149569468
cell_dependent,independent,exponential,0.6,9000,3,24,0,0,0,0.0027567627750386785,360.62117829597446
cell_dependent,independent,exponential,0.6,9000,4,24,0,0,0,0.00575891043459408,172.90429173393701
cell_dependent,independent,exponential,0.6,9000,5,24,0,0,0,0.021697313385894975,45.893270266009175
cell_dependent,independent,exponential,0.9,9000,0,22,0,22,0,8.152897179820895e-09,107204957.16093841
cell_dependent,independent,exponential,0.9,9000,1,24,0,2,0,0.0006863605685168635,1362.0573571656548
cell_dependent,independent,exponential,0.9,9000,2,24,0,0,0,0.0013273323322641635,705.9596794511215
cell_dependent,independent,exponential,0.9,9000,3,24,0,0,0,0.0017300194485864399,541.9412117453072
cell_dependent,independent,exponential,0.9,9000,4,24,0,0,0,0.002969499219871989,315.7593491944856
cell_dependent,independent,exponential,0.9,9000,5,24,0,0,0,0.005607539087528063,167.2119531993687
